{
  "version": 1,
  "author": "sutaburosu",
  "editor": "wokwi",
  "parts": [
    {
      "type": "wokwi-arduino-mega",
      "id": "mega",
      "top": -174.4,
      "left": 256.6,
      "rotate": 90,
      "attrs": {}
    },
    {
      "type": "wokwi-max7219-matrix",
      "id": "matrix1",
      "top": -124.2,
      "left": -78.96,
      "attrs": { "chain": "4", "layout": "fc16" }
    }
  ],
  "connections": [
    [ "mega:5V", "matrix1:V+", "red", [ "h-33.66", "v-77.39" ] ],
    [ "mega:GND.2", "matrix1:GND", "black", [ "h-42.41", "v-79.48" ] ],
    [ "mega:12", "matrix1:DIN", "blue", [ "h19.2", "v249.6", "h-201.6", "v9.6" ] ],
    [ "mega:11", "matrix1:CS", "green", [ "h28.8", "v249.2", "h-220.8", "v-201.6" ] ],
    [ "mega:10", "matrix1:CLK", "orange", [ "h38.4", "v249.3", "h-240", "v-201.6" ] ]
  ],
  "dependencies": {}
}